{"name":"2ae418f1-624f-4152-9d5b-63861b88302d","id":"/providers/Microsoft.Flow/flows/2ae418f1-624f-4152-9d5b-63861b88302d","type":"Microsoft.Flow/flows","properties":{"apiId":"/providers/Microsoft.PowerApps/apis/shared_logicflows","displayName":"Get Email Content to SharePoint List","definition":{"metadata":{"workflowEntityId":null,"creator":{"id":"b7e01256-d9d4-4916-b626-3ac4337ecf9b","type":"User","tenantId":"989f7afc-210a-4a7a-89a4-9fe50619a887"},"provisioningMethod":"FromDefinition","failureAlertSubscription":true,"clientLastModifiedTime":"2018-10-15T12:32:18.2494028Z"},"$schema":"https://schema.management.azure.com/providers/Microsoft.Logic/schemas/2016-06-01/workflowdefinition.json#","contentVersion":"1.0.0.0","parameters":{"$connections":{"defaultValue":{},"type":"Object"},"$authentication":{"defaultValue":{},"type":"SecureObject"}},"triggers":{"When_a_new_email_arrives":{"recurrence":{"interval":5,"frequency":"Minute"},"splitOn":"@triggerBody()?['value']","metadata":{"flowSystemMetadata":{"swaggerOperationId":"OnNewEmail"}},"type":"ApiConnection","inputs":{"host":{"api":{"runtimeUrl":"https://india-001.azure-apim.net/apim/office365"},"connection":{"name":"@parameters('$connections')['shared_office365']['connectionId']"}},"method":"get","path":"/Mail/OnNewEmail","queries":{"folderPath":"Inbox","importance":"Any","fetchOnlyWithAttachment":false,"includeAttachments":false},"authentication":"@parameters('$authentication')"}}},"actions":{"Apply_to_each":{"foreach":"@triggerBody()?['Attachments']","actions":{"Get_attachment":{"runAfter":{},"metadata":{"flowSystemMetadata":{"swaggerOperationId":"GetAttachment"}},"type":"ApiConnection","inputs":{"host":{"api":{"runtimeUrl":"https://india-001.azure-apim.net/apim/office365"},"connection":{"name":"@parameters('$connections')['shared_office365']['connectionId']"}},"method":"get","path":"/Mail/@{encodeURIComponent(triggerBody()?['Id'])}/Attachments/@{encodeURIComponent(items('Apply_to_each')?['Id'])}","authentication":"@parameters('$authentication')"}},"Add_attachment":{"runAfter":{"Create_item":["Succeeded"]},"metadata":{"flowSystemMetadata":{"swaggerOperationId":"CreateAttachment"}},"type":"ApiConnection","inputs":{"host":{"api":{"runtimeUrl":"https://india-001.azure-apim.net/apim/sharepointonline"},"connection":{"name":"@parameters('$connections')['shared_sharepointonline']['connectionId']"}},"method":"post","body":"@body('Get_attachment')","path":"/datasets/@{encodeURIComponent(encodeURIComponent('https://infowebsp.sharepoint.com/sites/Developer'))}/tables/@{encodeURIComponent(encodeURIComponent('99c82aba-d4f7-45f5-8fd9-1f5041aac52f'))}/items/@{encodeURIComponent(encodeURIComponent(body('Create_item')?['ID']))}/attachments","queries":{"displayName":"@items('Apply_to_each')?['Name']"},"authentication":"@parameters('$authentication')"}},"Create_item":{"runAfter":{"Get_attachment":["Succeeded"]},"metadata":{"flowSystemMetadata":{"swaggerOperationId":"PostItem"}},"type":"ApiConnection","inputs":{"host":{"api":{"runtimeUrl":"https://india-001.azure-apim.net/apim/sharepointonline"},"connection":{"name":"@parameters('$connections')['shared_sharepointonline']['connectionId']"}},"method":"post","body":{"Title":"@triggerBody()?['BodyPreview']","Post_x0020_Time":"@triggerBody()?['From']","Tweet_x0020_Text":"@triggerBody()?['Subject']","Body":"@body('Html_to_text')","{ContentType}":{"Id":"0x01002A49BA93C05C5E43831884382B62B57E"}},"path":"/datasets/@{encodeURIComponent(encodeURIComponent('https://infowebsp.sharepoint.com/sites/Developer'))}/tables/@{encodeURIComponent(encodeURIComponent('99c82aba-d4f7-45f5-8fd9-1f5041aac52f'))}/items","authentication":"@parameters('$authentication')"}}},"runAfter":{"Html_to_text":["Succeeded"]},"type":"Foreach"},"Html_to_text":{"runAfter":{},"metadata":{"flowSystemMetadata":{"swaggerOperationId":"HtmlToText"}},"type":"ApiConnection","inputs":{"host":{"api":{"runtimeUrl":"https://india-001.azure-apim.net/apim/conversionservice"},"connection":{"name":"@parameters('$connections')['shared_conversionservice']['connectionId']"}},"method":"post","body":"@triggerBody()?['Body']","path":"/html2text","authentication":"@parameters('$authentication')"}}},"outputs":{}},"connectionReferences":{"shared_office365":{"connectionName":"shared-office365-b3619180-3852-41d5-a77e-8b589ef4f9a8","source":"Embedded","id":"/providers/Microsoft.PowerApps/apis/shared_office365","tier":"NotSpecified"},"shared_sharepointonline":{"connectionName":"4ce94505d3314a85848d03422fe4d29c","source":"Embedded","id":"/providers/Microsoft.PowerApps/apis/shared_sharepointonline","tier":"NotSpecified"},"shared_conversionservice":{"connectionName":"shared-conversionser-9ca02b2b-8a35-42b3-9be8-e7620099fcbf","source":"Embedded","id":"/providers/Microsoft.PowerApps/apis/shared_conversionservice","tier":"NotSpecified"}},"flowFailureAlertSubscribed":false}}